id,full_name,kibbutz_name,playground_name,playground_number,site_number,Permit_number,category,subcategory,coordinate,lat,lon,link_waze,link_gmaps,equipment,equipment_number,surface,last_update_iso,status,certificate_expiry,certificate_expiry_iso,days_to_expire,kibbutz_list,,,,,,,
PG-001,"שצ""פ 2 תלתן איילת השחר",איילת השחר,תלתן,2,7972685,113702,גן ציבורי,"שצ""פ","33.0218733, 35.5770649",33.0218733,35.5770649,"https://waze.com/ul?ll=33.021873,35.577065&navigate=yes","https://www.google.com/maps?q=33.021873,35.577065","חצובה מתכת עם מושב קן לציפור מכבלים, מושבים שטוחים מגומי, נענוע קפיץ ספירלי, נענוע קפיץ ספירלי, מתקן משולב מעץ בעל 3 מתקן מס' מגדלים",6,דשא,2025-10-23,גן תקין,24/08/2026,2026-08-24,292,איילת השחר,,,,,,,
PG-002,"שצ""פ 4 הרחבה איילת השחר",איילת השחר,הרחבה,4,5845741,113702,גן ציבורי,"שצ""פ","33.0283982, 35.5751866",33.0283982,35.5751866,"https://waze.com/ul?ll=33.028398,35.575187&navigate=yes","https://www.google.com/maps?q=33.028398,35.575187"," קורת שיווי משקל, מתקן עלה ורד, חצובה T מתכת עם מושבים שטוח ועריסה מגומי, מתקן נענוע קפיץ ספירלי, מתקן נענוע קפיץ ספירלי, מתקן משולב ממתכת בעל 3 ממגדלים",8,חצץ,2025-10-23,גן תקין,24/08/2025,2025-08-24,-73,ברעם,,,,,,,
PG-003,"בי""ס 57 מבוא גליל איילת השחר",איילת השחר,מבוא גליל,57,5881461,113701,מבנה חינוך,בית ספר,"33.023137, 35.5729036",33.023137,35.5729036,"https://waze.com/ul?ll=33.023137,35.572904&navigate=yes","https://www.google.com/maps?q=33.023137,35.572904","משולב אקסטרים, משולב, פטריות שווי משקל ",3,דשא,2025-10-23,גן תקין,09/06/2026,2026-06-09,216,גדות,,,,,,,
PG-004,"שצ""פ 64 הרחבה 2 איילת השחר",איילת השחר,הרחבה 2,64,2678694,113702,גן ציבורי,"שצ""פ","33.0262209, 35.5767179",33.0262209,35.5767179,"https://waze.com/ul?ll=33.026221,35.576718&navigate=yes","https://www.google.com/maps?q=33.026221,35.576718","אחר חצובה מתכת עם מושב קן לציפור מכבלים,ומושבים שטוח ועריסה מגומי , מתקן מתח, מתקן מקבילים, מתקן קרוסלה לפעוטות, מתקן נענוע דמוי פרח, מתקן קרוסלה עגולה, מתקן קורת נענוע, מתקן משולב ממתכת בעל 3 מגדלים ",10,דשא,2025-10-23,גן תקין,24/08/2025,2025-08-24,-73,גונן,,,,,,,
PG-005,"שצ""פ 74 הטיל ברעם",ברעם,הטיל,74,1857560,113702,גן ציבורי,"שצ""פ","33.0600243, 35.4325525",33.0600243,35.4325525,"https://waze.com/ul?ll=33.060024,35.432553&navigate=yes","https://www.google.com/maps?q=33.060024,35.432553","מתקן חצובת נדנדה עם מושבי עריסה מגומי , מתקן עלה ורד קפיצים ",4,גומי,2025-10-26,גן תקין,22/12/2025,2025-12-22,47,דן ,,,,,,,
PG-006,"שצ""פ 75 הספינה ברעם",ברעם,הספינה,75,3746490,113702,גן ציבורי,"שצ""פ","33.0601494, 35.4316226",33.0601494,35.4316226,"https://waze.com/ul?ll=33.060149,35.431623&navigate=yes","https://www.google.com/maps?q=33.060149,35.431623"," מתקן משולב ממתכת בעל מגדל אחד , אחר מתקן נענוע קפיצים סירה, מתקן עלה ורד קפיצים , אחר מתקן טיפוס מכבלים",6,גומי,2025-10-26,גן תקין,22/12/2025,2025-12-22,47,דפנה ,,,,,,,
PG-007,"שצ""פ 79 חומות ברעם",ברעם,חומות,79,1972916,113702,גן ציבורי,"שצ""פ","33.0577396, 35.433465",33.0577396,35.433465,"https://waze.com/ul?ll=33.057740,35.433465&navigate=yes","https://www.google.com/maps?q=33.057740,35.433465",מתקן משולב מעץ בעל 3 מגדלים ,3,חול,2025-10-26,גן תקין,22/12/2025,2025-12-22,47,הגושרים ,,,,,,,
PG-008,"שצ""פ 8 הרפתקאות ברעם",ברעם,הרפתקאות,8,5628603,113702,גן ציבורי,"שצ""פ","33.060221, 35.4310132",33.060221,35.4310132,"https://waze.com/ul?ll=33.060221,35.431013&navigate=yes","https://www.google.com/maps?q=33.060221,35.431013","אחר חצובת נדנדות עם 2 מושבים שטוחים מגומי ומושב עריסה מגומי, מתקן קרוסלה עגולה, מתקן נענוע קפיץ ספירלי, מתקן משולב ממתכת בעל 2 מגדלים, מתקן קרוסלה לפעוטות, מתקן חצובת נדנדה עם מושב קן לציפור, מתקן נענוע קפיץ ספירלי ""חתול"", מתקן נענוע קפיץ ספירלי ",12,"דשא, חצץ",2025-10-26,גן תקין,25/08/2025,2025-08-25,-72,חולתה ,,,,,,,
PG-009,"שצ""פ 18 הרחבה ברעם",ברעם,הרחבה,18,0391025,113702,גן ציבורי,"שצ""פ","33.055556, 35.4359268",33.055556,35.4359268,"https://waze.com/ul?ll=33.055556,35.435927&navigate=yes","https://www.google.com/maps?q=33.055556,35.435927","מתקן משולב ממתכת בעל מגדל אחד, מתקן מעבר עם מדרכים מגומי עם כבלים עזר , מתקן עלה ורד עמידה , מתקן גלגל - רץ",6,חול,2025-10-26,גן תקין,22/12/2025,2025-12-22,47,יפתח ,,,,,,,
PG-010,"שצ""פ 9 מרכולית גדות",גדות,מרכולית,9,6028431,113702,גן ציבורי,"שצ""פ","33.0192756, 35.6185176",33.0192756,35.6185176,"https://waze.com/ul?ll=33.019276,35.618518&navigate=yes","https://www.google.com/maps?q=33.019276,35.618518","מתקן קרוסלה כבלים עם 2 מושבי גומי, נענוע קפיצים פלסטיק בצורת גלשן, נענוע קפיצים פלסטיק בצורת גלשן, מתקן משולב מעץ בעל 2 מגדלים, מתקן נענוע קפיץ ספירלי, קורת שיווי משקל, מתקן משולב מעץ בעל 3 מגדלים, חצובה מתכת עם מושב קן לציפור מכבלים, ומושבים שטוח ועריסה מגומי",10,דשא,2025-10-23,גן תקין,29/12/2025,2025-12-29,54,יראון  ,,,,,,,
PG-011,"שצ""פ 10 בתי ילדים גונן",גונן,בתי ילדים,10,9288230,113702,גן ציבורי,"שצ""פ","33.1238775, 35.6474398",33.1238775,35.6474398,"https://waze.com/ul?ll=33.123878,35.647440&navigate=yes","https://www.google.com/maps?q=33.123878,35.647440","אחר חצובה מתכת עם מושבים שטוחים מגומי, מתקן משולב ממתכת בעל 2 מגדלים, מתקן משולב ממתכת בעל 2 מגדלים, מתקן נענוע קפיץ ספירלי, חצובה מתכת עם מושב קן לציפור מכבלים ומושב שטוח מגומי",7,"דשא, חצץ",2025-10-23,גן תקין,29/12/2025,2025-12-29,54,כפר בלום ,,,,,,,
PG-012,גן 11 ציבורי מרכז הקיבוץ דן,דן,ציבורי מרכז הקיבוץ,11,7478069,113702,גן ציבורי,"שצ""פ","33.2400483, 35.6525569",33.2400483,35.6525569,"https://waze.com/ul?ll=33.240048,35.652557&navigate=yes","https://www.google.com/maps?q=33.240048,35.652557","חצובת נדנדות עם מושב שטוח מגומי,מושב קן לציפור ומושב עריסה מגומי, מתקן קן נשרים מכבלים, שני מתנין נענוע קפיץ ספירלי, מתקן עלה ורד קפיצים, מתקן משולב ממתכת בעל מגדל אחד, מתקן חצובת נדנדה עם מושבים שטוחים מגומי, מתקן משפך סל, מתקן עלה ורד עמידה, נענוע קפיץ ספירלי 4 מושבים , מתקן קרוסלה לפעוטות , נענוע קפיץ ספירלי , נענוע קפיץ ספירלי , מתקן עלה ורד , משולב ממתכת בעל 2 מגדלים",17,דשא,2025-10-26,גן תקין,23/12/2025,2025-12-23,48,כפר גלעדי ,,,,,,,
PG-013,"שצ""פ 67 ליד חדר אוכל דפנה",דפנה,ליד חדר אוכל,67,8376888,113702,גן ציבורי,"שצ""פ","33.2295113, 35.6382443",33.2295113,35.6382443,"https://waze.com/ul?ll=33.229511,35.638244&navigate=yes","https://www.google.com/maps?q=33.229511,35.638244","חצובת נדנדות עם מושב עריסה מגומי ומושב שטוח מגומי, מכונית נענוע קפיצים, קן נשרים מכבלים, חצובת נדנדות עם מושב שטוח מגומי ומושב קן לציפור, עלה ורד קפיצים, נענוע קפיץ ספירלי ""חתול"", נענוע קפיץ ספירלי, משולב מעץ בעל 3 מגדלים",10,"חצץ, דשא",2025-10-26,גן תקין,23/12/2025,2025-12-23,48,כפר הנשיא ,,,,,,,
PG-014,"שצ""פ 14 נרקיס הגושרים",הגושרים,נרקיס,14,2554859,113702,גן ציבורי,"שצ""פ","33.2213062, 35.6233967",33.2213062,35.6233967,"https://waze.com/ul?ll=33.221306,35.623397&navigate=yes","https://www.google.com/maps?q=33.221306,35.623397","שלט אתר, שטח כיסוי חצץ, חצובת נדנדה עם מושבים שטוחים מגומי, קרוסלה לפעוטות, שני מתקני נענוע קפיץ ספירלי, עלה ורד, קרוסלה עגולה, משולב ממתכת בעל 2 מגדלים, משפך סל",10,חצץ,2025-10-26,גן תקין,23/12/2025,2025-12-23,48,כפר סאלד ,,,,,,,
PG-015,"שצ""פ 65 נרקיס 2 הגושרים",הגושרים,נרקיס 2,65,6579181,113702,גן ציבורי,"שצ""פ","33.2213037, 35.6232489",33.2213037,35.6232489,"https://waze.com/ul?ll=33.221304,35.623249&navigate=yes","https://www.google.com/maps?q=33.221304,35.623249","שלט אתר, שטח כיסוי דשא סינטטי, חצובת נדנדות עם מושב שטוח מגומי,מושב קן לציפור ומושב עריסה מגומי , מתח , נענוע דמוי פרח , מקבילים,  קורת נענוע, קרוסלה עגולה , קרוסלה לפעוטות, משולב ממתכת בעל 2 מגדלים ",10,דשא,2025-10-26,גן תקין,23/12/2025,2025-12-23,48,להבות הבשן  ,,,,,,,
PG-016,"שצ""פ 72 הגושרים הגושרים",הגושרים,הגושרים,72,4746395,113702,גן ציבורי,"שצ""פ","33.2210145, 35.618791",33.2210145,35.618791,"https://waze.com/ul?ll=33.221015,35.618791&navigate=yes","https://www.google.com/maps?q=33.221015,35.618791","חצובת נדנדות עם מושבים שטוחים מגומי ומושב קן לציפור, משולב מעץ בעל 2 מגדלים, משולב מעץ בעל 3 מגדלים ",5,דשא,2025-10-26,גן תקין,23/12/2025,2025-12-23,48,מחניים ,,,,,,,
PG-063,גן 81 ילדים מעון תינוקות הגושרים,הגושרים,ילדים מעון תינוקות,81,5282892,113701,מבנה חינוך,גן ילדים,"33.2201446, 35.6234275",33.2201446,35.6234275,"https://waze.com/ul?ll=33.220145,35.623428&navigate=yes","https://www.google.com/maps?q=33.220145,35.623428",מתקן זחילה לתינוקות,1,דשא,2025-10-26,גן תקין,09/06/2026,2026-06-09,216,,,,,,,,
PG-064,גן 82 ילדים מעון ביניים הגושרים,הגושרים,ילדים מעון ביניים,82,1427342,113701,מבנה חינוך,גן ילדים,"33.2201302, 35.6232026",33.2201302,35.6232026,"https://waze.com/ul?ll=33.220130,35.623203&navigate=yes","https://www.google.com/maps?q=33.220130,35.623203",משולב,1,דשא,2025-10-26,גן תקין,09/06/2026,2026-06-09,216,,,,,,,,
PG-065,גן 83 ילדים מעון בוגרים הגושרים,הגושרים,ילדים מעון בוגרים,83,9958867,113701,מבנה חינוך,גן ילדים,"33.2208738, 35.623065",33.2208738,35.623065,"https://waze.com/ul?ll=33.220874,35.623065&navigate=yes","https://www.google.com/maps?q=33.220874,35.623065",משולב,1,דשא,2025-10-26,גן תקין,09/08/2026,2026-08-09,277,,,,,,,,
PG-017,"שצ""פ 15 ניצן חולתה",חולתה,ניצן,15,5267416,113702,גן ציבורי,"שצ""פ","33.0512757, 35.6094601",33.0512757,35.6094601,"https://waze.com/ul?ll=33.051276,35.609460&navigate=yes","https://www.google.com/maps?q=33.051276,35.609460","קרוסלה לפעוטות, קן נשרים מכבלים, שני מתקני נענוע קפיץ ספירלי, עלה ורד קפיצים, חצובה מתכת עם מושב קן לציפור מכבלים, ומושבים שטוחים מגומי, משולב ממתכת בעל מגדל אחד ",9,דשא,2025-10-23,גן תקין,24/08/2025,2025-08-24,-73,מלכיה  ,,,,,,,
PG-018,"שצ""פ 16 נדב קובץ יפתח",יפתח,נדב קובץ,16,3999244,113702,גן ציבורי,"שצ""פ","33.1289696, 35.5511501",33.1289696,35.5511501,"https://waze.com/ul?ll=33.128970,35.551150&navigate=yes","https://www.google.com/maps?q=33.128970,35.551150","חצובת נדנדה עם מושבים שטוחים מגומי, חצובת נדנדה עם מושבי עריסה מגומי, משולב ממתכת בעל 2 מגדלים, עלה ורד, קן נשרים מכבלים, חצובת נדנדה עם מושב קן לציפור, מתח , משולב ממתכת בעל 2 מגדלים ",10,"חצץ, דשא",2025-10-26,גן תקין,22/12/2025,2025-12-22,47,מנרה ,,,,,,,
PG-019,"שצ""פ 17 כולבו יראון",יראון,כולבו,17,3408210,113702,גן ציבורי,"שצ""פ","33.0781092, 35.455429",33.0781092,35.455429,"https://waze.com/ul?ll=33.078109,35.455429&navigate=yes","https://www.google.com/maps?q=33.078109,35.455429","קן נשרים מכבלים, חצובת נדנדה עם מושב קן לציפור, משולב ממתכת בעל 3 מגדלים, חתול קפיץ, כלב קפיץ",6,דשא,2025-10-26,גן תקין,25/08/2026,2026-08-25,293,מעיין ברוך ,,,,,,,
PG-020,"בי""ס 59 פסגות יראון",יראון,פסגות,59,4544543,113701,מבנה חינוך,בית ספר,"33.0782536, 35.4553292",33.0782536,35.4553292,"https://waze.com/ul?ll=33.078254,35.455329&navigate=yes","https://www.google.com/maps?q=33.078254,35.455329","חצובת נדנדה עם מושבים שטוחים מגומי, עלה ורד, משולב ממתכת בעל 2 מגדלים, משפך סל, לוח פאנל משחק חרוזים, לוח פאנל משחק ",8,חצץ,2025-10-26,גן תקין,22/12/2025,2025-12-22,47,משגב עם ,,,,,,,
PG-021,"שצ""פ 19 כולבו כפר בלום",כפר בלום,כולבו,19,6323892,113702,גן ציבורי,"שצ""פ","33.1716304, 35.6107816",33.1716304,35.6107816,"https://waze.com/ul?ll=33.171630,35.610782&navigate=yes","https://www.google.com/maps?q=33.171630,35.610782","שני מתקני נענוע קפיץ ספירלי, חצובה מתכת עם מושב קן לציפור מכבלים ומושבים שטוחים ומושבי עריסה, עלה ורד, משולב ממתכת בעל 2 מגדלים, קן נשרים מכבלים ",8,דשא,2025-10-23,גן תקין,25/08/2025,2025-08-25,-72,נאות מרדכי ,,,,,,,
PG-022,"שצ""פ 20 הרחבה כפר בלום",כפר בלום,הרחבה,20,2624634,113702,גן ציבורי,"שצ""פ","33.1757745, 35.6071369",33.1757745,35.6071369,"https://waze.com/ul?ll=33.175775,35.607137&navigate=yes","https://www.google.com/maps?q=33.175775,35.607137","חצובה מתכת עם מושבים שטוחים ועריסה מגומי, נענוע קפיץ ספירלי, נענוע קפיץ ספירלי, עלה ורד, נענוע קפיץ ספירלי, משולב ממתכת בעל מגדל אחד ",8,דשא,2025-10-23,גן תקין,25/08/2025,2025-08-25,-72,סאסא  ,,,,,,,
PG-023,"בי""ס 60 הגומא כפר בלום",כפר בלום,הגומא,60,1593094,113701,מבנה חינוך,בית ספר,"33.1707386, 35.6118662",33.1707386,35.6118662,"https://waze.com/ul?ll=33.170739,35.611866&navigate=yes","https://www.google.com/maps?q=33.170739,35.611866","מתקן אולימפוס, חצובת נדנדה 2 בוגרים 1 קן ציפור",4,דשא,2025-10-23,גן תקין,21/12/2025,2025-12-21,46,עמיעד ,,,,,,,
PG-024,"שצ""פ 80 נינג'ה ג'וניור כפר בלום",כפר בלום,נינג'ה ג'וניור,80,1650632,113702,גן ציבורי,"שצ""פ","33.171805, 35.6109517",33.171805,35.6109517,"https://waze.com/ul?ll=33.171805,35.610952&navigate=yes","https://www.google.com/maps?q=33.171805,35.610952"," דלגיות עץ רוביניה, קרנף עץ רוביניה, קואלה עץ רוביניה, טייגר עץ רוביניה, עכביש עץ רוביניה, קנגרו עץ רוביניה, דלגיות עץ רוביניה, קופיקו עץ רוביניה, היפו עץ רוביניה",11,דשא,2025-10-23,גן תקין,25/08/2025,2025-08-25,-72,עמיר ,,,,,,,
PG-025,"שצ""פ 22 גני ילדים כפר גלעדי",כפר גלעדי,גני ילדים,22,3946190,113702,גן ציבורי,"שצ""פ","33.2421508, 35.5739362",33.2421508,35.5739362,"https://waze.com/ul?ll=33.242151,35.573936&navigate=yes","https://www.google.com/maps?q=33.242151,35.573936","חצובת נדנדות עם מושבים שטוחים מגומי ומושבי עריסה, משולב מעץ בעל מגדל אחד, שני מתקני נענוע קפיץ ספירלי, משולב מעץ בעל 2 מגדלים, פונקציונלי גלדיאטור",8,דשא,2025-10-26,גן תקין,25/08/2025,2025-08-25,-72,צבעון ,,,,,,,
PG-026,"בי""ס 61 עלי גבעה כפר גלעדי",כפר גלעדי,עלי גבעה,61,1624985,113701,מבנה חינוך,בית ספר,"33.2407054, 35.5741254",33.2407054,35.5741254,"https://waze.com/ul?ll=33.240705,35.574125&navigate=yes","https://www.google.com/maps?q=33.240705,35.574125","חצובת נדנדה עם מושבים שטוחים מגומי,  נענוע קפיץ ספירלי, נענוע קפיץ ספירלי ""חתול"" , משולב ממתכת בעל 2 מגדלים ",6,דשא,2025-10-26,גן תקין,22/12/2025,2025-12-22,47,קדרים ,,,,,,,
PG-027,"שצ""פ 66 הרחבה כפר גלעדי",כפר גלעדי,הרחבה,66,5001843,113702,גן ציבורי,"שצ""פ","33.2435458, 35.5777641",33.2435458,35.5777641,"https://waze.com/ul?ll=33.243546,35.577764&navigate=yes","https://www.google.com/maps?q=33.243546,35.577764","חצובת נדנדות עם מושב שטוח מגומי,מושב עריסה מגומי ומושב קן לציפור, גלגל - רץ , מתקן טיפוס מכבלים בצורת פירמידה, שיווי משקל קפיצים, שיווי משקל מפותל ממתכת, שיווי משקל באמצעות כבלים, מתקן טיפוס מעץ, מתקן מעבר ידיים מעץ",10,דשא,2025-10-26,גן תקין,22/12/2025,2025-12-22,47,שדה נחמיה  ,,,,,,,
PG-028,"שצ""פ 24 אסתר כפר הנשיא",כפר הנשיא,אסתר,24,3121273,113702,גן ציבורי,"שצ""פ","32.9745331, 35.6046422",32.9745331,35.6046422,"https://waze.com/ul?ll=32.974533,35.604642&navigate=yes","https://www.google.com/maps?q=32.974533,35.604642","חצובה מתכת עם מושב קן לציפור מכבלים,ומושב עריסה מגומי, חצובה מתכת עם מושבים שטוחים מגומי, קן נשרים מכבלים, משפך סל, נענוע קפיץ ספירלי, עלה ורד, נענוע קפיץ ספירלי, קרוסלה עגולה, משולב ממתכת בעל 2 מגדלים",11,דשא,2025-10-23,גן תקין,24/08/2025,2025-08-24,-73,שמיר ,,,,,,,
PG-029,"שצ""פ 76 הרחבה כפר הנשיא",כפר הנשיא,הרחבה,76,2097847,113702,גן ציבורי,"שצ""פ","32.9781933, 35.5990541",32.9781933,35.5990541,"https://waze.com/ul?ll=32.978193,35.599054&navigate=yes","https://www.google.com/maps?q=32.978193,35.599054","מתקן טיפוס ממתכת, קרוסלה עגולה, נענוע קפיץ ספירלי, עלה ורד קפיצים, חצובה מתכת עם מושב קן לציפור מכבלים, מושבים שטוח ועריסה מגומי, נענוע קפיץ ספירלי, משולב ממתכת בעל 2 מגדלים",9,דשא,2025-10-23,גן תקין,24/08/2025,2025-08-24,-73,שניר ,,,,,,,
PG-030,"שצ""פ 25  מרכזי כפר סאלד",כפר סאלד,מרכזי,25,5595697,113702,גן ציבורי,"שצ""פ","33.1963951, 35.6585803",33.1963951,35.6585803,"https://waze.com/ul?ll=33.196395,35.658580&navigate=yes","https://www.google.com/maps?q=33.196395,35.658580"," נענוע קפיץ ספירלי, משולב ממתכת בעל 2 מגדלים, מתקן אופקי מתכת עם סולם כבלים, מתח,טבעות, חצובה מתכת עם מושבים שטוחים מגומי, משפך סל, קרוסלה עגולה, פרמידת קני ציפור, משולב 4 מגדלים",8,דשא,2025-10-26,גן תקין,25/08/2025,2025-08-25,-72,,,,,,,,
PG-031,"שצ""פ 26 הנאהבים להבות הבשן",להבות הבשן,הנאהבים,26,0655029,113702,גן ציבורי,"שצ""פ","33.1413348, 35.6470702",33.1413348,35.6470702,"https://waze.com/ul?ll=33.141335,35.647070&navigate=yes","https://www.google.com/maps?q=33.141335,35.647070","קרוסלה עגולה, משולב ממתכת בעל מגדל אחד, משולב ממתכת בעל 2 מגדלים, חצובה מתכת עם מושבי עריסה מגומי",6,דשא,2025-10-23,גן תקין,29/12/2025,2025-12-29,54,,,,,,,,
PG-032,"שצ""פ 27 חוחית להבות הבשן",להבות הבשן,חוחית,27,8481545,113702,גן ציבורי,"שצ""פ","33.1425606, 35.6454806",33.1425606,35.6454806,"https://waze.com/ul?ll=33.142561,35.645481&navigate=yes","https://www.google.com/maps?q=33.142561,35.645481","משולב ממתכת בעל מגדל אחד, חצובה מתכת עם מושב קן לציפור מכבלים ומושבים שטוחים מגומי, נענוע קפיץ ספירלי, נענוע קפיץ ספירלי, עלה ורד ",7,דשא,2025-10-23,גן תקין,25/08/2025,2025-08-25,-72,,,,,,,,
PG-033,"שצ""פ 28 בית תינוקות להבות הבשן",להבות הבשן,בית תינוקות,28,0923982,113702,גן ציבורי,"שצ""פ","33.1424668, 35.6454653",33.1424668,35.6454653,"https://waze.com/ul?ll=33.142467,35.645465&navigate=yes","https://www.google.com/maps?q=33.142467,35.645465",מתקן טיפוס כבלים בצורת פירמידה עם מגלשת צינור פלסטיק וקירות טיפוס,3,חצץ,2025-10-23,גן תקין,29/12/2025,2025-12-29,54,,,,,,,,
PG-034,"שצ""פ 29 ליד כדורסל מחניים",מחניים,ליד כדורסל,29,6504454,113702,גן ציבורי,"שצ""פ","32.9877603, 35.5702328",32.9877603,35.5702328,"https://waze.com/ul?ll=32.987760,35.570233&navigate=yes","https://www.google.com/maps?q=32.987760,35.570233"," חצובה מתכת עם מושב קן לציפור מכבלים, מושבים שטוחים ומושב עריסה, משולב ממתכת בעל 3 מגדלים, שני מתקני נענוע קפיץ ספירלי, נענוע קפיצים מתכת בצורת אופנוע וסירה, עלה ורד, קורת שיווי משקל מתכת בצורת זיגזג, קרוסלה עגולה,  מתח , משולב ממתכת בעל 2 מגדלים ",13,"דשא, חצץ",2025-10-23,גן תקין,24/08/2025,2025-08-24,-73,,,,,,,,
PG-035,"שצ""פ 30 הרחבה מחניים",מחניים,הרחבה,30,5055415,113702,גן ציבורי,"שצ""פ","32.9892569, 35.5747189",32.9892569,35.5747189,"https://waze.com/ul?ll=32.989257,35.574719&navigate=yes","https://www.google.com/maps?q=32.989257,35.574719","משולב ממתכת בעל מגדל אחד, נענוע קפיץ ספירלי, נענוע קפיץ ספירלי, משולב ממתכת בעל מגדל אחד ",6,חצץ,2025-10-23,גן תקין,24/08/2025,2025-08-24,-73,,,,,,,,
PG-036,"שצ""פ 71 קק""ל מלכיה",מלכיה,קקל,71,5461170,113702,גן ציבורי,"שצ""פ","33.1010146, 35.5139271",33.1010146,35.5139271,"https://waze.com/ul?ll=33.101015,35.513927&navigate=yes","https://www.google.com/maps?q=33.101015,35.513927","חצובת רב נדנדות, חצובת נדנדה עם מושבי עריסה מגומי, נענוע קפיץ ספירלי, נענוע קפיץ ספירלי, קרוסלה בעמידה, משולב מעץ בעל מגדל אחד, מתקן עלה ורד 4 מושבים מעץ, משולב מעץ בעל מגדל אחד ",10,דשא,2025-10-26,גן תקין,22/12/2025,2025-12-22,47,,,,,,,,
PG-037,"שצ""פ 31 זלמן מלכיה",מלכיה,זלמן,31,9626098,113702,גן ציבורי,"שצ""פ","33.0992186, 35.5117112",33.0992186,35.5117112,"https://waze.com/ul?ll=33.099219,35.511711&navigate=yes","https://www.google.com/maps?q=33.099219,35.511711"," משולב בקתת יער, משולב נגיש, נדנדה, עלה ורד זברה, נענוע קפיץ חיפושית, נענוע קפיץ דבורה",7,גומי,2025-10-26,גן תקין,17/02/2026,2026-02-17,104,,,,,,,,
PG-038,"שצ""פ 33 חדר אוכל מנרה",מנרה,חדר אוכל,33,8332215,113702,גן ציבורי,"שצ""פ","33.1963258, 35.5439677",33.1963258,35.5439677,"https://waze.com/ul?ll=33.196326,35.543968&navigate=yes","https://www.google.com/maps?q=33.196326,35.543968","חצובת נדנדה עם מושבים שטוחים מגומי, עלה ורד, נענוע קפיץ ספירלי, משולב מעץ בעל 3 מגדלים ",6,חצץ,2025-10-26,גן תקין,22/12/2025,2025-12-22,47,,,,,,,,
PG-039,"שצ""פ 73 חורשת הרכבת מנרה",מנרה,חורשת הרכבת,73,6618427,113702,גן ציבורי,"שצ""פ","33.1961659, 35.5440688",33.1961659,35.5440688,"https://waze.com/ul?ll=33.196166,35.544069&navigate=yes","https://www.google.com/maps?q=33.196166,35.544069","משולב ממתכת בעל מגדל אחד, קרוסלה עגולה, משולב ממתכת בעל 2 מגדלים, חצובת נדנדות עם מושבים שטוחים מגומי ומושב קן לציפור",6,דשא,2025-10-26,גן תקין,22/12/2025,2025-12-22,47,,,,,,,,
PG-040,"שצ""פ 34 מרכז הקיבוץ מעיין ברוך",מעיין ברוך,מרכז הקיבוץ,34,1708545,113702,גן ציבורי,"שצ""פ","33.241178, 35.608666",33.241178,35.608666,"https://waze.com/ul?ll=33.241178,35.608666&navigate=yes","https://www.google.com/maps?q=33.241178,35.608666","חצובת נדנדות עם מושבים שטוחים מגומי, 2 מושבי קן לציפור, קן נשרים מכבלים, קרוסלה עגולה, נדנדת חבל סוס, נדנדה ערסל מכבלים, אומגה, מתקן מעץ לשיווי משקל 3 גבהים, משולב מעץ בעל 2 מגדלים",10,"דשא,חצץ",2025-10-26,גן תקין,23/12/2025,2025-12-23,48,,,,,,,,
PG-041,"שצ""פ 36 הרחבה מעיין ברוך",מעיין ברוך,הרחבה,36,1290625,113702,גן ציבורי,"שצ""פ","33.239054, 35.6055468",33.239054,35.6055468,"https://waze.com/ul?ll=33.239054,35.605547&navigate=yes","https://www.google.com/maps?q=33.239054,35.605547","עלה ורד, נענוע קפיץ ספירלי, נענוע קפיץ ספירלי, קרוסלה עגולה, קרוסלה לפעוטות, טיפוס משושה ממתכת",5,חצץ,2025-10-26,גן תקין,23/12/2025,2025-12-23,48,,,,,,,,
PG-059,"שצ""פ 35 בריכת שחייה מעיין ברוך",מעיין ברוך,בריכת שחייה,35,1358735,113702,גן ציבורי,"שצ""פ","33.2390965, 35.6059393",33.2390965,35.6059393,"https://waze.com/ul?ll=33.239097,35.605939&navigate=yes","https://www.google.com/maps?q=33.239097,35.605939","חצובת נדנדות משושה עם מושבים שטוחים מגומי ומושבי עריסה מגומי, משולב ממתכת בעל 3 מגדלים, מתקן מתח ממתכת",8,חצץ,2025-10-26,גן תקין,25/08/2025,2025-08-25,-72,,,,,,,,
PG-042,"שצ""פ 37 תמר משגב עם",משגב עם,תמר,37,7874709,113702,גן ציבורי,"שצ""פ","33.2475254, 35.5484034",33.2475254,35.5484034,"https://waze.com/ul?ll=33.247525,35.548403&navigate=yes","https://www.google.com/maps?q=33.247525,35.548403","משולב תחנת כבאות, קרוסלת הדר, כלניות, עלה ורד עמידה, נדנדות",7,גומי,2025-10-26,גן תקין,24/12/2025,2025-12-24,49,,,,,,,,
PG-043,"שצ""פ 39 בריכת שחיה נאות מרדכי",נאות מרדכי,בריכת שחיה,39,3452650,113702,גן ציבורי,"שצ""פ","33.1614222, 35.5961721",33.1614222,35.5961721,"https://waze.com/ul?ll=33.161422,35.596172&navigate=yes","https://www.google.com/maps?q=33.161422,35.596172","משפך סל, עלה ורד, נענוע קפיץ ספירלי, חצובה מתכת עם מושבים שטוחים ועריסה מגומי, שני מתקני נענוע קפיץ ספירלי, משולב ממתכת בעל 2 מגדלים ",9,גומי,2025-10-23,גן תקין,24/08/2025,2025-08-24,-73,,,,,,,,
PG-044,"בי""ס 62 לב העמק נאות מרדכי",נאות מרדכי,לב העמק,62,1621371,113701,מבנה חינוך,בית ספר,"33.162307, 35.5972595",33.162307,35.5972595,"https://waze.com/ul?ll=33.162307,35.597260&navigate=yes","https://www.google.com/maps?q=33.162307,35.597260","מתקן אולימפוס, משפך סל, גלגל רץ, גלגל רץ, קורת נענוע",7,דשא,2025-10-23,גן תקין,24/08/2025,2025-08-24,-73,,,,,,,,
PG-045,"שצ""פ 68 ליד גני ילדים נאות מרדכי",נאות מרדכי,ליד גני ילדים,68,0722314,113702,גן ציבורי,"שצ""פ","33.1614246, 35.5963107",33.1614246,35.5963107,"https://waze.com/ul?ll=33.161425,35.596311&navigate=yes","https://www.google.com/maps?q=33.161425,35.596311","מתקן מתח, חצובה מתכת עם מושב קן לציפור מכבלים ומושבי עריסה מגומי, קן נשרים מכבלים, קורת שיווי משקל מתכת בצורת זיגזג, משולב מעץ בעל מגדל אחד ",7,דשא,2025-10-23,גן תקין,24/08/2026,2026-08-24,292,,,,,,,,
PG-046,"שצ""פ 41 גני הילדים פעוטות סאסא",סאסא,גני הילדים פעוטות,41,7955721,113702,גן ציבורי,"שצ""פ","33.0276697, 35.3943536",33.0276697,35.3943536,"https://waze.com/ul?ll=33.027670,35.394354&navigate=yes","https://www.google.com/maps?q=33.027670,35.394354","משולב ממתכת, מתקן מכונית, נענוע קפיץ ספירלי , נענוע קפיץ ספירלי , מנהרת זחילה ",7,דשא,2025-10-26,גן תקין,22/12/2025,2025-12-22,47,,,,,,,,
PG-060,"בי""ס 63 נוף הרים סאסא",סאסא,נוף הרים,63,4073503,113701,מבנה חינוך,בית ספר,"33.0275786, 35.3941963",33.0275786,35.3941963,"https://waze.com/ul?ll=33.027579,35.394196&navigate=yes","https://www.google.com/maps?q=33.027579,35.394196"," מעבר ידיים כפול ממתכת, גלגל - רץ , זוג שפורפרות ממתכת, חצובת עם חבל טיפוס, חצובת נדנדה עם מושב קן לציפור, חצובת נדנדה עם מושבים שטוחים מגומי, משולב ממתכת בעל 3 מגדלים",9,דשא,2025-10-26,גן תקין,22/12/2025,2025-12-22,47,,,,,,,,
PG-047,"שצ""פ 43 חדר אוכל עמיעד",עמיעד,חדר אוכל,43,4760485,113702,גן ציבורי,"שצ""פ","32.9278738, 35.5413015",32.9278738,35.5413015,"https://waze.com/ul?ll=32.927874,35.541302&navigate=yes","https://www.google.com/maps?q=32.927874,35.541302","נענוע קפיץ ספירלי, נענוע חתול, נענוע קפיץ ספירלי ""חתול"", משולב ממתכת בעל 3 מגדלים, משולב ממתכת בעל 4 מגדלים, חצובת נדנדה עם מושבים שטוחים מגומי",8,דשא,2025-10-23,גן תקין,23/12/2025,2025-12-23,48,,,,,,,,
PG-066,"שצ""פ 84 הרחבה עמיעד",עמיעד,הרחבה,84,1042212,113702,גן ציבורי,"שצ""פ","32.931166, 35.5413094",32.931166,35.5413094,"https://waze.com/ul?ll=32.931166,35.541309&navigate=yes","https://www.google.com/maps?q=32.931166,35.541309","מתקן מטאליק 2000 פניקס נגיש, מתקן משולב בית הפלאים לפעוטות נגיש, נדנדה",3,דשא,2025-10-23,גן תקין,22/07/2026,2026-07-22,259,,,,,,,,
PG-048,"שצ""פ 45 ליד גני הילדים עמיר",עמיר,ליד גני הילדים,45,6329683,113702,גן ציבורי,"שצ""פ","33.1779415, 35.6209026",33.1779415,35.6209026,"https://waze.com/ul?ll=33.177942,35.620903&navigate=yes","https://www.google.com/maps?q=33.177942,35.620903","שני מתקני נענוע קפיץ ספירלי,עלה ורד, קן נשרים מכבלים, משולב ממתכת בעל 3 מגדלים, חצובה מתכת עם מושב קן לציפור מכבלים, מושבים שטוחים ומושבי עריסה",8,דשא,2025-10-23,גן תקין,29/12/2025,2025-12-29,54,,,,,,,,
PG-049,"שצ""פ 46 חורשת המייסדים עמיר",עמיר,חורשת המייסדים,46,8322300,113702,גן ציבורי,"שצ""פ","33.1812504, 35.6183919",33.1812504,35.6183919,"https://waze.com/ul?ll=33.181250,35.618392&navigate=yes","https://www.google.com/maps?q=33.181250,35.618392","משולב מעץ בעל מגדל אחד , נענוע קפיץ ספירלי , קרוסלה עגולה , חצובה T מתכת עם מושבים שטוח ועריסה מגומי",6,גומי,2025-10-23,גן תקין,25/08/2025,2025-08-25,-72,,,,,,,,
PG-050,"שצ""פ 78 בכניסה שטח מערבי צבעון",צבעון,בכניסה שטח מערבי,78,7932476,113702,גן ציבורי,"שצ""פ","33.024192, 35.4160177",33.024192,35.4160177,"https://waze.com/ul?ll=33.024192,35.416018&navigate=yes","https://www.google.com/maps?q=33.024192,35.416018",משולב מעץ בעל 2 מגדלים ,3,גומי,2025-10-26,גן תקין,22/12/2025,2025-12-22,47,,,,,,,,
PG-051,"שצ""פ 47 מרכז הקיבוץ קדרים",קדרים,מרכז הקיבוץ,47,2468755,113702,גן ציבורי,"שצ""פ","32.8986855, 35.4735685",32.8986855,35.4735685,"https://waze.com/ul?ll=32.898686,35.473569&navigate=yes","https://www.google.com/maps?q=32.898686,35.473569","קרוסלה עגולה, גלגל - רץ, משולב מעץ בעל מגדל אחד,  נענוע קפיץ ספירלי, עלה ורד, חצובה מתכת עם מושבים שטוחים ועריסה מגומי,  מתקן 4 הגאים מעץ, קורת נענוע, מסלול אקסטרים מתכת וכבלים, משולב מעץ בעל 2 מגדלים",14,"דשא, חצץ",2025-10-23,גן תקין,24/08/2025,2025-08-24,-73,,,,,,,,
PG-052,"שצ""פ 48 גן קורות שדה נחמיה",שדה נחמיה,גן קורות,48,6541164,113702,גן ציבורי,"שצ""פ","33.1887318, 35.6220717",33.1887318,35.6220717,"https://waze.com/ul?ll=33.188732,35.622072&navigate=yes","https://www.google.com/maps?q=33.188732,35.622072","פיל קפיץ ,עלה ורד, משולב ",7,דשא,2025-10-23,גן תקין,25/08/2026,2026-08-25,293,,,,,,,,
PG-061,"שצ""פ 50 הרחבה שדה נחמיה",שדה נחמיה,הרחבה,50,2619664,113702,גן ציבורי,"שצ""פ","33.1877584, 35.6265165",33.1877584,35.6265165,"https://waze.com/ul?ll=33.187758,35.626517&navigate=yes","https://www.google.com/maps?q=33.187758,35.626517","נענוע קפיץ ספירלי, נענוע קפיץ ספירלי, חצובה T מתכת עם מושבים שטוחים מגומי, משולב ממתכת בעל מגדל אחד",6,דשא,2025-10-23,גן תקין,25/08/2025,2025-08-25,-72,,,,,,,,
PG-062,"שצ""פ 77 המסלול שדה נחמיה",שדה נחמיה,המסלול,77,1807272,113702,גן ציבורי,גינת כושר,"33.1851653, 35.6275743",33.1851653,35.6275743,"https://waze.com/ul?ll=33.185165,35.627574&navigate=yes","https://www.google.com/maps?q=33.185165,35.627574","מסלול נינג'ה עם - סטפר, גשר בורמזי, דלתות גבינה, קורה מרחפת, הליכת עכביש, גלגל, מסלול נינג'ה המשך - גל תנופה, מתקן פונקציונלי חבלים, מתקן מכשול טיפוס, קורת שיווי משקל משופעת, רשת כבלים אופקית, מדרגות קפיצה בגבהים שונים, מתקן פונקציונלי, מקבילים, מקבילים, קיקבוקס, מדרגת קפיצה נעה ",23,דשא,2025-10-23,גן תקין,25/08/2025,2025-08-25,-72,,,,,,,,
PG-053,"שצ""פ 51 פעוטים שמיר",שמיר,פעוטים,51,4145015,113702,גן ציבורי,"שצ""פ","33.1661287, 35.6600462",33.1661287,35.6600462,"https://waze.com/ul?ll=33.166129,35.660046&navigate=yes","https://www.google.com/maps?q=33.166129,35.660046","משולב ממתכת בעל מגדל אחד, מתקן קטר מעץ, מנהרת זחילה, משולב מעץ בעל מגדל אחד, מתקן טרקטור, מתקן שפורפרות קול,  נענוע קפיץ ספירלי, נענוע קפיץ ספירלי, מתקן מכונית, מתקן עלה ורד ",13,"דשא, גומי",2025-10-23,גן תקין,29/12/2025,2025-12-29,54,,,,,,,,
PG-054,"שצ""פ 52 גנים שמיר",שמיר,גנים,52,1072370,113702,גן ציבורי,"שצ""פ","33.1659009, 35.6599633",33.1659009,35.6599633,"https://waze.com/ul?ll=33.165901,35.659963&navigate=yes","https://www.google.com/maps?q=33.165901,35.659963","מתקן אקסטרים מתכת, קרוסלה משטחית משופעת פלסטיק, מתקן סביבוני עמידה מתכת עם מושב פלסטיק, חצובה מתכת עם מושב קן לציפור מכבלים, חצובה מתכת עם מושבים שטוחים מגומי, חצובה מתכת עם מושבי עריסה מגומי, מתקן טיפוס עם מאחזים ",8,גומי,2025-10-23,גן תקין,24/08/2026,2026-08-24,292,,,,,,,,
PG-055,"שצ""פ 53 הרחבה שמיר",שמיר,הרחבה,53,3769042,113702,גן ציבורי,"שצ""פ","33.1696382, 35.6602034",33.1696382,35.6602034,"https://waze.com/ul?ll=33.169638,35.660203&navigate=yes","https://www.google.com/maps?q=33.169638,35.660203","חצובה מתכת עם מושב קן לציפור מכבלים,ומושבים שטוח ועריסה מגומי ,נענוע קפיץ ספירלי, סביבון, עלה ורד, נענוע קפיץ ספירלי, משולב ממתכת בעל 2 מגדלים",8,דשא,2025-10-23,גן תקין,24/08/2026,2026-08-24,292,,,,,,,,
PG-056,"שצ""פ 54 הבריכה שמיר",שמיר,הבריכה,54,8782336,113702,גן ציבורי,"שצ""פ","33.1686657, 35.6597475",33.1686657,35.6597475,"https://waze.com/ul?ll=33.168666,35.659748&navigate=yes","https://www.google.com/maps?q=33.168666,35.659748","נענוע קפיץ ספירלי, חצובה T מתכת עם מושבים שטוח ועריסה מגומי, נענוע קפיץ ספירלי, משולב ממתכת בעל 2 מגדלים, עלה ורד ",7,דשא,2025-10-23,גן תקין,24/08/2025,2025-08-24,-73,,,,,,,,
PG-057,"שצ""פ 55 שניר שניר",שניר,שניר,55,9001262,113702,גן ציבורי,"שצ""פ","33.2395792, 35.6775058",33.2395792,35.6775058,"https://waze.com/ul?ll=33.239579,35.677506&navigate=yes","https://www.google.com/maps?q=33.239579,35.677506","עלה ורד, משולב ממתכת בעל מגדל אחד, חצובת נדנדה עם מושבי עריסה מגומי, קרוסלה עגולה, נענוע קפיץ ספירלי 4 מושבים, שני מתקני נענוע קפיץ ספירלי, חצובת נדנדה כורסא מעץ, חצובת נדנדה עם מושבים שטוחים מגומי, עלה ורד, משולב ממתכת בעל 2 מגדלים ",13,דשא,2025-10-26,גן תקין,22/12/2025,2025-12-22,47,,,,,,,,
PG-058,"שצ""פ 56 הרחבה שניר",שניר,הרחבה,56,1217654,113702,גן ציבורי,"שצ""פ","33.2438462, 35.6783558",33.2438462,35.6783558,"https://waze.com/ul?ll=33.243846,35.678356&navigate=yes","https://www.google.com/maps?q=33.243846,35.678356","חצובת נדנדות עם מושבים שטוחים מגומי ומושב עריסה מגומי, קרוסלה עגולה, חצובת נדנדה נגיש מכבלים, שני מתקני נענוע קפיץ ספירלי, משולב ממתכת בעל מגדל אחד, קן נשרים מכבלים, משולב ממתכת בעל 2 מגדלים",10,דשא,2025-10-26,גן תקין,23/12/2025,2025-12-23,48,,,,,,,,
